Changes made at Sat Aug  9 05:58:18 UTC 2025
Changes made at Thu Nov 20 13:38:01 UTC 2025
Changes made at Thu Nov 20 14:27:30 UTC 2025
Changes made at Thu Nov 20 16:35:18 UTC 2025
Changes made at Fri Nov 21 08:36:36 UTC 2025
Changes made at Fri Nov 21 10:28:51 UTC 2025
Changes made at Fri Nov 21 14:26:31 UTC 2025
Changes made at Fri Nov 21 16:32:10 UTC 2025
Changes made at Sat Nov 22 08:32:09 UTC 2025
Changes made at Sat Nov 22 10:25:59 UTC 2025
Changes made at Sat Nov 22 14:22:45 UTC 2025
Changes made at Sat Nov 22 16:30:28 UTC 2025
Changes made at Sun Nov 23 08:32:15 UTC 2025
Changes made at Sun Nov 23 10:26:07 UTC 2025
Changes made at Sun Nov 23 14:22:49 UTC 2025
Changes made at Sun Nov 23 16:30:34 UTC 2025
Changes made at Mon Nov 24 08:38:08 UTC 2025
Changes made at Mon Nov 24 10:31:33 UTC 2025
Changes made at Mon Nov 24 14:28:32 UTC 2025
Changes made at Mon Nov 24 16:30:39 UTC 2025
Changes made at Tue Nov 25 08:37:00 UTC 2025
Changes made at Tue Nov 25 10:32:39 UTC 2025
Changes made at Tue Nov 25 14:28:18 UTC 2025
Changes made at Tue Nov 25 16:36:56 UTC 2025
Changes made at Wed Nov 26 08:36:26 UTC 2025
Changes made at Wed Nov 26 10:31:30 UTC 2025
Changes made at Wed Nov 26 14:28:51 UTC 2025
Changes made at Wed Nov 26 16:35:02 UTC 2025
